id,value,key
2,START,START
2,2513,ID
2,.,D
2,Tramways,N
2,de,N
2,Nice,N
2,(,D
2,Société,N
2,nouvelle,N
2,des,N
2,),D
2,",",D
2,à,AD
2,Bruxelles,AD
2,.,D
2,—,D
2,Bilan,EV
2,et,EV
2,compte,EV
2,de,EV
2,profits,EV
2,et,EV
2,pertes,EV
2,au,EV
2,31,EV
2,août,EV
2,1888,EV
2,.,D
2,END,END
3,START,START
3,778,ID
3,.,D
3,Tramways,N
3,de,N
3,Prague,N
3,",",D
3,à,AD
3,Bruxelles,AD
3,.,D
3,—,D
3,Bilan,EV
3,et,EV
3,compte,EV
3,de,EV
3,profits,EV
3,et,EV
3,pertes,EV
3,au,EV
3,31,EV
3,décembre,EV
3,1887,EV
3,.,D
3,END,END
4,START,START
4,1713,ID
4,.,D
4,Tramways,N
4,de,N
4,Prague,N
4,",",D
4,à,AD
4,Bruxelles,AD
4,.,D
4,—,D
4,Assemblée,EV
4,générale,EV
4,du,EV
4,31,EV
4,juillet,EV
4,1888,EV
4,.,D
4,END,END
5,START,START
5,2317,ID
5,.,D
5,Tramways,N
5,de,N
5,Prague,N
5,",",D
5,à,AD
5,Bruxelles,AD
5,.,D
5,—,D
5,Assemblée,EV
5,générale,EV
5,du,EV
5,3,EV
5,novembre,EV
5,1888,EV
5,.,D
5,END,END
6,START,START
6,2318,ID
6,.,D
6,Tramways,N
6,de,N
6,Prague,N
6,",",D
6,à,AD
6,Bruxelles,AD
6,.,D
6,—,D
6,Augmentation,EV
6,du,EV
6,capital,EV
6,social,EV
6,.,D
6,END,END
7,START,START
7,943,ID
7,.,D
7,Tramways,N
7,de,N
7,Reims,N
7,(,D
7,Compagnie,N
7,des,N
7,),D
7,",",D
7,à,AD
7,Bruxelles,AD
7,.,D
7,—,D
7,Bilan,EV
7,et,EV
7,compte,EV
7,de,EV
7,profits,EV
7,et,EV
7,pertes,EV
7,au,EV
7,31,EV
7,décembre,EV
7,1887,EV
7,.,D
7,END,END
8,START,START
8,4125,ID
8,.,D
8,Tramways,N
8,des,N
8,Romagnes,N
8,",",D
8,à,AD
8,Tilleur,AD
8,lez,AD
8,-,D
8,Liège,AD
8,.,D
8,—,D
8,Bilan,EV
8,et,EV
8,compte,EV
8,de,EV
8,profits,EV
8,et,EV
8,pertes,EV
8,au,EV
8,31,EV
8,décembre,EV
8,1887,EV
8,.,D
8,END,END
9,START,START
9,1126,ID
9,.,D
9,Tramways,N
9,des,N
9,Romagnes,N
9,",",D
9,à,AD
9,Tilleur,AD
9,lèz,AD
9,-,D
9,Liège,AD
9,.,D
9,—,D
9,Assemblée,EV
9,géné,EV
9,-,D
9,rale,EV
9,du,EV
9,16,EV
9,avril,EV
9,1888,EV
9,.,D
9,END,END
10,START,START
10,577,ID
10,.,D
10,Tramways,N
10,de,N
10,Rostoff,N
10,-,D
10,sur,N
10,-,D
10,le,N
10,-,D
10,Don,N
10,",",D
10,à,AD
10,Bruxelles,EV
10,.,D
10,—,D
10,Assemblée,EV
10,générale,EV
10,du,EV
10,24,EV
10,janvier,EV
10,1888,EV
10,.,D
10,END,END
11,START,START
11,1040,ID
11,.,D
11,amways,N
11,de,N
11,Rostoff,N
11,-,D
11,sur,N
11,-,D
11,le,N
11,-,D
11,Don,N
11,",",D
11,à,AD
11,Bruxelles,EV
11,.,D
11,—,D
11,Assemblée,EV
11,géné,EV
11,-,D
11,rale,EV
11,du,EV
11,31,EV
11,décembre,EV
11,1887,EV
11,.,D
11,END,END
12,START,START
12,1829,ID
12,.,D
12,Tramways,N
12,de,N
12,Rostoff,N
12,-,D
12,sur,N
12,-,D
12,le,N
12,-,D
12,Don,N
12,",",D
12,à,AD
12,Bruxelles,EV
12,.,D
12,—,D
12,Assemblée,EV
12,géné,EV
12,-,D
12,rale,EV
12,du,EV
12,23,EV
12,août,EV
12,1888,EV
12,.,D
12,END,END
13,START,START
13,2120,ID
13,.,D
13,Tramways,N
13,de,N
13,Tillis,N
13,",",D
13,à,AD
13,Bruxelles,AD
13,.,D
13,—,D
13,Bilan,EV
13,et,EV
13,compte,EV
13,de,EV
13,profits,EV
13,et,EV
13,pertes,EV
13,au,EV
13,30,EV
13,juin,EV
13,1888,EV
13,.,D
13,END,END
14,START,START
14,1610,ID
14,.,D
14,Tramways,N
14,de,N
14,Tunis,N
14,",",D
14,à,AD
14,Liège,AD
14,.,D
14,—,D
14,Constitution,EV
14,.,D
14,END,END
15,START,START
15,1611,ID
15,.,D
15,Tramways,N
15,de,N
15,Tunis,N
15,",",D
15,à,AD
15,Liège,AD
15,.,D
15,—,D
15,Nomination,EV
15,d'administrateurs,EV
15,.,D
15,END,END
16,START,START
16,1048,ID
16,.,D
16,Tramways,N
16,de,N
16,Turin,N
16,",",D
16,à,AD
16,Bruxelles,AD
16,.,D
16,—,D
16,Assemblée,EV
16,générale,EV
16,du,EV
16,17,EV
16,avril,EV
16,1888,EV
16,.,D
16,END,END
17,START,START
17,1049,ID
17,.,D
17,Tramways,N
17,de,N
17,Turin,N
17,",",D
17,à,AD
17,Bruxelles,AD
17,.,D
17,—,D
17,Bilan,EV
17,et,EV
17,compte,EV
17,de,EV
17,profits,EV
17,et,EV
17,pertes,EV
17,au,EV
17,31,EV
17,décembre,EV
17,1887,EV
17,.,D
17,END,END
18,START,START
18,880,ID
18,.,D
18,Tramways,N
18,de,N
18,Varsovie,N
18,",",D
18,à,AD
18,Bruxelles,AD
18,.,D
18,—,D
18,Bilan,EV
18,et,EV
18,compte,EV
18,de,EV
18,profits,EV
18,et,EV
18,pertes,EV
18,au,EV
18,31,EV
18,décembre,EV
18,1887,EV
18,.,D
18,END,END
19,START,START
19,766,ID
19,.,D
19,Tramways,N
19,d'Odessa,N
19,",",D
19,à,AD
19,Bruxelles,AD
19,.,D
19,—,D
19,Bilan,EV
19,et,EV
19,compte,EV
19,de,EV
19,profits,EV
19,et,EV
19,pertes,EV
19,au,EV
19,31,EV
19,décembre,EV
19,1887,EV
19,.,D
19,END,END
20,START,START
20,306,ID
20,.,D
20,Tramways,N
20,du,N
20,Nord,N
20,d'Anvers,AD
20,.,D
20,—,D
20,Compte,EV
20,de,EV
20,liquidation,EV
20,.,D
20,END,END
21,START,START
21,327,ID
21,.,D
21,Tramways,N
21,du,N
21,Nord,N
21,d'Anvers,AD
21,.,D
21,—,D
21,Assemblée,EV
21,générale,EV
21,du,EX
21,30,EX
21,jan,EX
21,-,D
21,vier,EX
21,1888,EX
21,.,D
21,END,END
22,START,START
22,848,ID
22,Tramways,N
22,du,N
22,Nord,N
22,d'Anvers,AD
22,.,D
22,—,D
22,Assemblée,EV
22,générale,EV
22,du,EV
22,4,EV
22,avril,EV
22,1888,EV
22,END,END
23,START,START
23,1319,ID
23,Tramways,N
23,du,N
23,Nord,N
23,d'Anvers,AD
23,.,D
23,—,D
23,Bilan,EV
23,et,EV
23,compte,EV
23,de,EV
23,profits,EV
23,et,EV
23,pertes,EV
23,au,EV
23,31,EV
23,décembre,EV
23,1887,EV
23,.,D
23,END,END
24,START,START
24,631,ID
24,.,D
24,Tramways,N
24,du,N
24,Sud,N
24,d'Anvers,N
24,.,D
24,—,D
24,Bilan,EV
24,et,EV
24,compte,EV
24,de,EV
24,profits,EV
24,et,EV
24,pertes,EV
24,au,EV
24,31,EX
24,décembre,EX
24,1887,EX
24,.,D
24,Tramways,N
24,et,EV
24,chemins,N
24,de,N
24,fer,N
24,économiques,N
24,",",D
24,à,AD
24,Bruxelles,AD
24,.,D
24,—,D
24,Bilan,EV
24,et,EV
24,END,END
25,START,START
25,128,ID
25,END,END
26,START,START
26,compte,EV
26,de,EV
26,profits,EV
26,et,EV
26,pertes,EV
26,au,EX
26,31,EX
26,décembre,EX
26,1887,EX
26,.,D
26,END,END
27,START,START
27,104,ID
27,.,D
27,Tramways,N
27,florentins,N
27,",",D
27,à,AD
27,Bruxelles,AD
27,.,D
27,—,D
27,Bilan,EV
27,et,EV
27,compte,EV
27,de,EV
27,profits,EV
27,et,EV
27,pertes,EV
27,au,EV
27,31,EV
27,décembre,EV
27,1887,EV
27,.,D
27,END,END
28,START,START
28,1047,ID
28,.,D
28,Tramways,N
28,florentins,N
28,",",D
28,à,AD
28,Bruxelles,AD
28,.,D
28,—,D
28,Assemblée,EV
28,générale,EV
28,du,EV
28,18,EV
28,avril,EV
28,1888,EV
28,.,D
28,END,END
29,START,START
29,2473,ID
29,.,D
29,Tramways,N
29,liégeois,N
29,",",D
29,à,AD
29,Liège,AD
29,.,D
29,—,D
29,Bilan,EV
29,et,EV
29,compte,EV
29,de,EV
29,profits,EV
29,et,EV
29,pertes,EV
29,au,EV
29,30,EV
29,septembre,EV
29,1888,EV
29,.,D
29,END,END
30,START,START
30,2474,ID
30,.,D
30,Tramways,N
30,liégeois,N
30,",",D
30,à,AD
30,Liège,AD
30,.,D
30,—,D
30,Assemblée,EV
30,générale,EV
30,de,EV
30,11,EV
30,décem,EV
30,-,D
30,bre,EV
30,1888,EV
30,.,D
30,END,END
31,START,START
31,2580,ID
31,.,D
31,Tramways,N
31,luxembourgeois,N
31,",",D
31,à,AD
31,Bruxelles,AD
31,.,D
31,—,D
31,Bilans,EV
31,et,EV
31,comptes,EV
31,de,EV
31,profits,EV
31,et,EV
31,pertes,EV
31,au,EV
31,31,EV
31,août,EV
31,1888,EV
31,.,D
31,Tramways,N
31,maritimes,AD
31,d'Anvers,EV
31,.,D
31,—,D
31,Assemblée,EV
31,générale,EV
31,du,EV
31,6,EV
31,mars,EV
31,END,END
32,START,START
32,54,ID
32,:,D
32,1888,EX
32,.,D
32,Tramways,N
32,napolitains,N
32,",",D
32,à,AD
32,Bruxelles,AD
32,.,D
32,—,D
32,Bilan,EV
32,et,EV
32,compte,EV
32,de,EV
32,profits,EV
32,END,END
33,START,START
33,410,ID
33,C,EX
33,.,D
33,et,EX
33,pertes,EX
33,au,EX
33,31,EX
33,décembre,EX
33,1887,EX
33,.,D
33,Tramways,N
33,napolitains,N
33,",",D
33,à,AD
33,Bruxelles,AD
33,.,D
33,—,D
33,Assemblée,EV
33,générale,EV
33,du,EV
33,19,EV
33,avril,EV
33,1888,EV
33,.,D
33,END,END
34,START,START
34,2215,ID
34,.,D
34,END,END
35,START,START
35,596,ID
35,.,D
35,Tramways,N
35,nationaux,N
35,",",D
35,à,AD
35,Anvers,AD
35,.,D
35,—,D
35,Bilan,EV
35,et,EV
35,compte,EV
35,de,EV
35,profits,EV
35,et,EV
35,pertes,EV
35,au,EV
35,31,EV
35,décembre,EV
35,1887,EV
35,.,D
35,END,END
36,START,START
36,1120,ID
36,.,D
36,Tramways,N
36,provinciaux,N
36,de,N
36,Naples,N
36,",",D
36,à,AD
36,Bruxelles,EV
36,.,D
36,—,D
36,Assemblée,EV
36,géné,EV
36,-,D
36,rale,EV
36,du,EV
36,26,EV
36,avril,EV
36,1888,EV
36,.,D
36,Tramways,N
36,provinciaux,N
36,de,N
36,Naples,N
36,",",D
36,à,AD
36,Bruxelles,EV
36,.,D
36,—,D
36,Séance,EV
36,du,EV
36,conseil,EV
36,genéral,EV
36,-,D
38,START,START
38,2398,ID
38,.,D
38,Tramways,N
38,provinciaux,N
38,de,N
38,Naples,N
38,",",D
38,à,AD
38,Bruxelles,AD
38,.,D
38,—,D
38,Assemblée,EV
38,géné,EV
38,-,D
38,rale,EV
38,du,EV
38,28,EV
38,novembre,EV
38,1888,EV
38,.,D
38,END,END
39,START,START
39,2546,ID
39,.,D
39,Framways,N
39,siciliens,N
39,",",D
39,à,AD
39,Bruxelles,AD
39,.,D
39,—,D
39,Constitution,EV
39,.,D
39,END,END
40,START,START
40,2479,ID
40,.,D
40,Tramways,N
40,siciliens,N
40,",",D
40,à,AD
40,Bruxelles,AD
40,.,D
40,—,D
40,Augmentation,EV
40,du,EV
40,capital,EV
40,.,D
40,END,END
41,START,START
41,8789,ID
41,.,D
41,ramways,N
41,verviétois,N
41,",",D
41,à,AD
41,Verviers,AD
41,.,D
41,—,D
41,Bilan,EV
41,et,EV
41,compte,EV
41,de,EV
41,profits,EV
41,et,EV
41,pertes,EV
41,de,EX
41,l'exercice,EX
41,1887,EX
41,.,D
41,1,EX
41,.,D
41,Travaux,AD
41,d'eau,AD
41,d'Anvers,AD
41,.,D
41,—,D
41,Assemblée,EV
41,générale,EV
41,du,EV
41,12,EV
41,avril,EV
41,1888,EV
41,.,D
41,END,END
42,START,START
42,10,ID
42,travaux,N
42,et,N
42,d'entreprises,N
42,au,AD
42,Brésil,AD
42,(,D
42,Société,N
42,de,N
42,),D
42,",",D
42,à,AD
42,Bruxelles,AD
42,.,D
42,—,D
42,Séance,EV
42,du,EV
42,conseil,EV
42,d'administration,EV
42,du,EV
42,22,EV
42,novembre,EV
42,1887,EV
42,.,D
42,END,END
43,747,ID
43,avaux,N
43,et,N
43,d'entreprises,N
43,au,AD
43,Brésil,AD
43,(,D
43,Société,N
43,de,AD
43,),D
43,",",D
43,à,AD
43,Bruxelles,EX
43,.,D
43,—,D
43,Nou,EX
43,-,D
43,END,END
44,START,START
44,538,ID
44,.,D
44,velle,N
44,augmentation,EV
44,du,EV
44,capital,EV
44,social,EV
44,.,D
44,END,END
46,START,START
46,No,EX
46,d'ordre,EX
46,END,END
47,START,START
47,de,EX
47,l'acte,EX
47,.,D
47,END,END
48,START,START
48,1598,ID
48,.,D
48,Travaux,N
48,et,N
48,d'entreprises,N
48,au,AD
48,Brésil,AD
48,(,D
48,Société,N
48,de,N
48,),D
48,",",D
48,à,AD
48,Bruxelles,AD
48,.,D
48,Ratification,EV
48,.,D
48,END,END
49,START,START
49,1912,ID
49,.,D
49,Travaux,N
49,et,N
49,d'entreprises,N
49,au,AD
49,Brésil,AD
49,(,D
49,Société,N
49,de,N
49,),D
49,",",D
49,à,AD
49,Bruxelles,AD
49,.,D
49,Assemblée,EV
49,générale,EV
49,du,EV
49,7,EV
49,septembre,EV
49,1888,EV
49,.,D
49,END,END
50,START,START
50,2488,ID
50,.,D
50,Travaux,N
50,et,N
50,d'entreprises,N
50,au,AD
50,Brésil,AD
50,(,D
50,Société,N
50,de,N
50,),D
50,",",D
50,à,AD
50,Bruxelles,AD
50,.,D
50,Ratification,EV
50,.,D
50,END,END
51,START,START
51,1865,ID
51,.,D
51,Tuilerie,N
51,des,N
51,Deux,N
51,-,D
51,Nèthes,N
51,",",D
51,à,AD
51,Duffel,AD
51,.,D
51,—,D
51,Constitution,EV
51,.,D
51,END,END
52,START,START
52,1477,ID
52,.,D
52,Tuileries,N
52,et,N
52,briqueteries,N
52,Saint,N
52,-,D
52,Joseph,N
52,",",D
52,à,AD
52,Turnhout,AD
52,.,D
52,—,D
52,Bilan,EV
52,au,EV
52,31,EV
52,mars,EV
52,1888,EV
52,.,D
52,END,END
53,START,START
53,2402,ID
53,.,D
53,Tuilerie,N
53,mécanique,N
53,du,N
53,Pottelberg,N
53,",",D
53,à,AD
53,Courtrai,AD
53,.,D
53,—,D
53,Bilan,EV
53,et,EV
53,compte,EV
53,de,EV
53,profits,EV
53,et,EV
53,pertes,EV
53,au,EV
53,31,EV
53,août,EV
53,1888,EV
53,.,D
53,END,END
54,START,START
54,527,ID
54,.,D
54,Tuileries,N
54,Sainte,N
54,-,D
54,Marie,N
54,de,N
54,Stekene,AD
54,",",D
54,à,AD
54,Gand,EV
54,.,D
54,—,D
54,Bilan,EV
54,et,EV
54,compte,EV
54,de,EV
54,profits,EV
54,et,EV
54,pertes,EV
54,au,EV
54,31,EV
54,décembre,EV
54,1887,EV
54,.,D
54,END,END
55,START,START
55,1570,ID
55,.,D
55,Union,N
55,(,D
55,l,N
55,),D
55,",",D
55,à,AD
55,Paris,AD
55,.,D
55,—,D
55,Balance,EV
55,des,EV
55,écritures,EV
55,au,EV
55,31,EV
55,décembre,EV
55,1887,EV
55,.,D
55,END,END
56,START,START
56,1023,ID
56,.,D
56,Union,N
56,belge,N
56,(,D
56,l,EX
56,),D
56,",",D
56,à,AD
56,Bruxelles,AD
56,.,D
56,—,D
56,Bilan,EV
56,et,EV
56,compte,EV
56,de,EV
56,profits,EV
56,et,EV
56,pertes,EV
56,au,EV
56,31,EV
56,décembre,EV
56,1887,EV
56,.,D
56,END,END
57,START,START
57,1061,ID
57,.,D
57,Union,N
57,belge,N
57,(,D
57,l,EX
57,),D
57,",",D
57,à,AD
57,Bruxelles,AD
57,.,D
57,—,D
57,Liste,EV
57,des,EX
57,actionnaires,EX
57,.,D
57,END,END
58,START,START
58,729,ID
58,.,D
58,Union,N
58,de,N
58,Norwich,N
58,(,D
58,l,EX
58,),D
58,",",D
58,à,AD
58,Anvers,AD
58,.,D
58,—,D
58,Réunion,EV
58,extraordinaire,EV
58,du,EV
58,conseil,EV
58,des,EV
58,directeurs,EV
58,du,EV
58,23,EV
58,juin,EV
58,1879,EV
58,.,D
58,END,END
59,START,START
59,762,ID
59,.,D
59,Union,N
59,des,N
59,papeteries,N
59,(,D
59,I,N
59,),D
59,",",D
59,à,AD
59,Bruxelles,AD
59,.,D
59,—,D
59,Bilan,EV
59,et,EV
59,compte,EV
59,de,EV
59,profits,EV
59,et,EV
59,pertes,EV
59,au,EV
59,31,EV
59,décembre,EV
59,1887,EV
59,.,D
59,END,END
60,START,START
60,1434,ID
60,.,D
60,Union,N
60,des,N
60,papeteries,N
60,(,D
60,l,EX
60,),D
60,",",D
60,à,AD
60,Bruxelles,AD
60,.,D
60,—,D
60,Modifications,EV
60,aux,EX
60,statuts,EX
60,END,END
61,START,START
61,916,ID
61,.,D
61,Union,N
61,des,N
61,remorqueurs,N
61,belges,N
61,(,D
61,l,AD
61,),D
61,",",D
61,à,AD
61,Anvers,AD
61,.,D
61,—,D
61,Assemblée,EV
61,géné,EV
61,-,D
61,rale,EV
61,du,EV
61,5,EV
61,avril,EV
61,1888,EV
61,.,D
61,END,END
62,START,START
62,513,ID
62,.,D
62,Union,N
62,du,N
62,crédit,N
62,",",D
62,à,AD
62,Bruxelles,AD
62,.,D
62,—,D
62,Bilan,EV
62,et,EV
62,compte,EV
62,de,EV
62,profits,EV
62,et,EV
62,pertes,EV
62,au,EV
62,31,EV
62,décembre,EV
62,1887,EV
62,.,D
62,END,END
63,START,START
63,566,ID
63,.,D
63,Union,N
63,du,N
63,crédit,N
63,",",D
63,à,AD
63,Bruxelles,AD
63,.,D
63,—,D
63,Assemblée,EV
63,générale,EV
63,du,EX
63,6,EX
63,mars,EX
63,1888,EX
63,.,D
63,END,END
64,START,START
64,564,ID
64,.,D
64,Union,N
64,du,N
64,crédit,N
64,d'Anvers,N
64,.,D
64,—,D
64,Assemblée,EV
64,générale,EV
64,du,EV
64,6,EV
64,mars,EV
64,1888,EV
64,END,END
65,START,START
65,666,ID
65,.,D
65,Union,N
65,du,N
65,crédit,N
65,de,N
65,Charleroi,AD
65,.,D
65,—,D
65,Bilan,EV
65,au,EV
65,31,EV
65,décembre,EV
65,1887,EV
65,.,D
65,END,END
66,START,START
66,2434,ID
66,.,D
66,Union,N
66,du,N
66,crédit,N
66,de,AD
66,Mons,AD
66,.,D
66,—,D
66,Transformation,EV
66,en,EV
66,société,N
66,coopé,N
66,-,D
66,rative,N
66,.,D
66,END,END
67,START,START
67,514,ID
67,.,D
67,Union,N
67,générale,N
67,des,N
67,assurés,N
67,",",D
67,à,AD
67,Anvers,EV
67,.,D
67,—,D
67,Constitution,EV
67,.,D
67,END,END
68,START,START
68,2117,ID
68,.,D
68,Union,N
68,Insurance,N
68,Society,N
68,of,N
68,Canton,N
68,",",D
68,Limited,N
68,",",D
68,à,AD
68,Hongkong,AD
68,.,D
68,Procuration,EV
68,.,D
68,END,END
69,START,START
69,1400,ID
69,.,D
69,Union,N
69,Society,N
69,",",D
69,à,AD
69,Londres,AD
69,.,D
69,—,D
69,Procuration,EV
69,.,D
69,END,END
70,START,START
70,1015,ID
70,.,D
70,Usines,N
70,à,N
70,cuivre,N
70,et,N
70,à,N
70,zinc,N
70,de,AD
70,Liège,AD
70,.,D
70,—,D
70,Bilan,EV
70,et,EV
70,compte,EV
70,de,EV
70,profits,EV
70,et,EV
70,pertes,EV
70,au,EV
70,31,EV
70,décembre,EV
70,1887,EV
70,.,D
70,END,END
71,START,START
71,1547,ID
71,.,D
71,Usines,N
71,à,N
71,gaz,N
71,réunies,N
71,",",D
71,à,AD
71,Dinant,AD
71,.,D
71,—,D
71,Bilan,EV
71,et,EV
71,compte,EV
71,de,EV
71,profits,EV
71,et,EV
71,pertes,EV
71,au,EV
71,30,EV
71,avril,EV
71,1888,EV
71,.,D
71,END,END
72,START,START
72,1594,ID
72,.,D
72,Usines,N
72,à,N
72,gaz,N
72,réunies,N
72,",",D
72,à,AD
72,Dinant,AD
72,.,D
72,—,D
72,Assemblée,EV
72,générale,EV
72,du,EV
72,28,EV
72,juin,EV
72,1888,EV
72,.,D
72,END,END
73,START,START
73,1929,ID
73,.,D
73,Usines,N
73,à,AD
73,gaz,AD
73,réunies,N
73,",",D
73,à,AD
73,Saint,AD
73,-,D
73,Josse,AD
73,-,D
73,ten,AD
73,-,D
73,Noode,AD
73,.,D
73,—,D
73,Assemblée,EV
73,géné,EV
73,-,D
73,rale,EV
73,du,EV
73,5,EV
73,septembre,EV
73,1888,EV
73,.,D
73,END,END
74,START,START
74,2288,ID
74,.,D
74,Usines,N
74,à,N
74,zinc,N
74,de,AD
74,Boom,AD
74,.,D
74,—,D
74,Assemblée,EV
74,générale,EV
74,du,EV
74,25,EV
74,octobre,EV
74,1888,EV
74,.,D
74,END,END
75,START,START
75,2137,ID
75,.,D
75,Usines,N
75,",",D
75,boulonneries,N
75,et,N
75,fonderies,N
75,de,N
75,La,AD
75,Louvière,AD
75,.,D
75,—,D
75,Assemblée,EV
75,générale,EV
75,du,EV
75,11,EV
75,octobre,EV
75,1888,EV
75,.,D
75,END,END
76,START,START
76,203,ID
76,.,D
76,Usine,N
76,de,N
76,désargentation,N
76,",",D
76,à,AD
76,Anvers,AD
76,.,D
76,—,D
76,Pouvoir,EV
76,.,D
76,END,END
77,START,START
77,1873,ID
77,.,D
77,Usines,N
77,des,N
77,Moulins,N
77,",",D
77,à,AD
77,Gand,AD
77,.,D
77,—,D
77,Bilan,EV
77,et,EV
77,compte,EV
77,de,EV
77,profits,EV
77,et,EV
77,pertes,EV
77,au,EV
77,30,EV
77,juin,EV
77,1888,EV
77,.,D
77,END,END
78,START,START
78,2030,ID
78,.,D
78,Usines,N
78,des,N
78,Trois,N
78,-,D
78,Fontaines,N
78,.,D
78,—,D
78,Bilan,EV
78,et,EV
78,compte,EV
78,de,EV
78,profits,EV
78,et,EV
78,pertes,EV
78,au,EV
78,30,EV
78,juin,EV
78,1888,EV
78,.,D
78,END,END
79,START,START
79,1759,ID
79,.,D
79,Usines,N
79,de,N
79,Vestel,N
79,frères,N
79,",",D
79,à,AD
79,Haeren,EV
79,.,D
79,—,D
79,Bilan,EV
79,et,EV
79,compte,EV
79,de,EV
79,profits,EV
79,et,EV
79,pertes,EV
79,au,EV
79,30,EV
79,avril,EV
79,1888,EV
79,.,D
79,END,END
80,START,START
80,283,ID
80,.,D
80,Usines,N
80,du,N
80,Phénix,N
80,",",D
80,à,AD
80,Châtelineau,AD
80,.,D
80,—,D
80,Assemblée,EV
80,générale,EV
80,du,EV
80,26,EV
80,janvier,EV
80,1888,EV
80,.,D
80,END,END
81,START,START
81,1392,ID
81,.,D
81,Usines,N
81,du,N
81,Phénix,N
81,",",D
81,à,AD
81,Châtelineau,AD
81,.,D
81,—,D
81,Dissolution,EV
81,.,D
81,END,END
82,START,START
82,1941,ID
82,.,D
82,Usines,N
82,du,N
82,Phénix,N
82,",",D
82,à,AD
82,Châtelineau,AD
82,.,D
82,—,D
82,Constitution,EV
82,.,D
82,END,END
83,START,START
83,2227,ID
83,.,D
83,Usines,N
83,et,N
83,fonderies,N
83,de,N
83,Baume,N
83,et,N
83,Marpent,AD
83,",",D
83,à,AD
83,Haine,EV
83,-,D
83,Saint,EV
83,-,D
83,Pierre,EV
83,.,D
83,Bilan,EV
83,au,EV
83,30,EV
83,juin,EV
83,1888,EV
83,.,D
83,END,END
84,START,START
84,2228,ID
84,.,D
84,Usines,N
84,et,N
84,fonderies,N
84,de,N
84,Baume,N
84,et,N
84,Marpent,AD
84,",",D
84,à,AD
84,Haine,EV
84,-,D
84,Saint,EV
84,-,D
84,Pierre,EV
84,.,D
84,—,D
84,Compte,EV
84,de,EV
84,profits,EV
84,et,EV
84,pertes,EV
84,au,EV
84,30,EV
84,juin,EV
84,1888,EV
84,.,D
84,END,END
85,START,START
85,2229,ID
85,.,D
85,Usines,N
85,et,N
85,fonderies,N
85,de,AD
85,Baume,N
85,et,N
85,Marpent,AD
85,",",D
85,à,AD
85,Haine,EV
85,-,D
85,Saint,EV
85,-,D
85,Pierre,EV
85,.,D
85,—,D
85,Assemblée,EV
85,générale,EV
85,du,EV
85,18,EV
85,octobre,EV
85,1888,EV
85,.,D
85,END,END
86,START,START
86,814,ID
86,.,D
86,Usines,N
86,Natalis,N
86,",",D
86,à,AD
86,Liège,AD
86,.,D
86,—,D
86,Bilan,EV
86,et,EV
86,compte,EV
86,de,EV
86,profits,EV
86,et,EV
86,pertes,EV
86,au,EV
86,15,EV
86,janvier,EV
86,1888,EV
86,.,D
86,END,END
87,START,START
87,1748,ID
87,.,D
87,Usines,N
87,Natalis,N
87,",",D
87,à,AD
87,Liège,AD
87,.,D
87,—,D
87,Modifications,EV
87,aux,EX
87,statuts,EV
87,.,D
87,END,END
88,START,START
88,2182,ID
88,.,D
88,Usines,N
88,Wattelar,N
88,-,D
88,Francq,N
88,",",D
88,à,AD
88,Roux,AD
88,.,D
88,—,D
88,Bilan,EV
88,et,EV
88,compte,EV
88,de,EV
88,profits,EV
88,et,EV
88,pertes,EV
88,au,EV
88,30,EV
88,juin,EV
88,1888,EV
88,.,D
88,END,END
89,START,START
89,784,ID
89,.,D
89,Utrecht,N
89,",",D
89,te,N
89,Antwerpen,AD
89,.,D
89,—,D
89,Balans,EV
89,op,EX
89,1,EX
89,Januari,EX
89,1888,EX
89,.,D
89,END,END
90,START,START
90,1476,ID
90,.,D
90,Vauxhall,N
90,de,N
90,Mons,AD
90,.,D
90,—,D
90,Bilan,EV
90,au,EV
90,31,EV
90,décembre,EV
90,1887,EV
90,.,D
90,END,END
91,START,START
91,2378,ID
91,.,D
91,Vedrin,N
91,(,D
91,Société,N
91,de,N
91,),D
91,.,D
91,—,D
91,Bilan,EV
91,et,EV
91,compte,EV
91,de,EV
91,profits,EV
91,et,EV
91,pertes,EV
91,au,EV
91,31,EV
91,août,EV
91,1888,EV
91,.,D
91,END,END
92,START,START
92,1030,ID
92,.,D
92,Verreries,N
92,à,N
92,bouteilles,N
92,de,N
92,Chaudmonceau,AD
92,",",D
92,à,AD
92,Jumet,EV
92,.,D
92,—,D
92,Bilan,EV
92,et,EV
92,compte,EV
92,de,EV
92,profits,EV
92,et,EV
92,pertes,EV
92,au,EV
92,31,EV
92,décembre,EV
92,1887,EV
92,.,D
92,END,END
93,START,START
93,1947,ID
93,.,D
93,Verreries,N
93,centrales,N
93,",",D
93,à,AD
93,La,AD
93,Louvière,AD
93,.,D
93,—,D
93,Bilan,EV
93,et,EV
93,compte,EV
93,de,EV
93,profits,EV
93,et,EV
93,pertes,EV
93,au,EV
93,30,EV
93,juin,EV
93,1888,EV
93,.,D
93,END,END
94,START,START
94,1877,ID
94,.,D
94,Verreries,N
94,de,N
94,Binche,AD
94,.,D
94,—,D
94,Assemblée,EV
94,générale,EV
94,du,EV
94,3,EV
94,septembre,EV
94,1888,EV
94,.,D
94,END,END
95,START,START
95,1525,ID
95,.,D
95,Verreries,N
95,de,N
95,Boussu,AD
95,(,D
95,Nouvelle,N
95,Société,N
95,des,N
95,),D
95,.,D
95,—,D
95,Assemblée,EV
95,générale,EV
95,du,EX
95,25,EX
95,juin,EX
95,1888,EX
95,.,D
95,END,END
96,START,START
96,de,EX
96,l'acte,EX
96,.,D
96,END,END
97,START,START
97,1840,ID
97,.,D
97,Farenbacht,N
97,et,N
97,Kessels,N
97,(,D
97,successeurs,EX
97,de,EX
97,E,N
97,.,D
97,Van,N
97,Buggenhoudt,N
97,),D
97,",",D
97,à,AD
97,Bruxelles,AD
97,.,D
97,—,D
97,Constitution,EV
97,.,D
97,END,END
98,START,START
98,2541,ID
98,.,D
98,Id,N
98,.,D
98,—,D
98,Changement,EV
98,de,EV
98,firme,EV
98,.,D
98,END,END
99,START,START
99,2129,ID
99,.,D
99,Favresse,N
99,et,N
99,Cie,N
99,(,D
99,Veuve,N
99,Sylvain,N
99,),D
99,",",D
99,à,AD
99,Bruxelles,AD
99,.,D
99,—,D
99,Constitution,EV
99,.,D
99,END,END
100,START,START
100,1769,ID
100,.,D
100,Favresse,N
100,frères,N
100,",",D
100,à,AD
100,Bruxelles,AD
100,.,D
100,—,D
100,Modifications,EV
100,.,D
100,END,END
101,START,START
101,2128,ID
101,.,D
101,Favresse,N
101,frères,N
101,et,N
101,Cie,N
101,",",D
101,à,AD
101,Bruxelles,AD
101,.,D
101,—,D
101,Dissolution,EV
101,.,D
101,END,END
102,START,START
102,2317,ID
102,.,D
102,Fowler,N
102,et,N
102,Ledure,N
102,",",D
102,à,AD
102,Anvers,AD
102,.,D
102,—,D
102,Constitution,EV
102,.,D
102,END,END
103,START,START
103,2188,ID
103,.,D
103,Franck,N
103,frères,N
103,et,N
103,sœurs,N
103,",",D
103,à,AD
103,Verviers,AD
103,.,D
103,—,D
103,Dissolution,EV
103,.,D
103,END,END
104,START,START
104,1907,ID
104,.,D
104,Frank,N
104,-,D
104,Model,N
104,et,N
104,Cie,N
104,",",D
104,à,AD
104,Luxembourg,AD
104,.,D
104,—,D
104,Convention,EV
104,.,D
104,END,END
105,START,START
105,1808,ID
105,.,D
105,Fréson,N
105,-,D
105,Dubois,N
105,-,D
105,Debras,N
105,et,N
105,Cie,N
105,",",D
105,à,AD
105,Sauvenière,AD
105,.,D
105,—,D
105,Donation,EV
105,d'actions,EV
105,.,D
105,END,END
106,START,START
106,2005,ID
106,.,D
106,Fys,N
106,en,N
106,Van,N
106,Damme,N
106,",",D
106,te,AD
106,Ledeberg,AD
106,.,D
106,—,D
106,Stichting,EV
106,.,D
106,END,END
107,START,START
107,2364,ID
107,.,D
107,Gallez,N
107,et,N
107,Cie,N
107,",",D
107,à,AD
107,Dour,AD
107,.,D
107,—,D
107,Constitution,EV
107,.,D
107,END,END
108,START,START
108,2565,ID
108,.,D
108,Id,N
108,.,D
108,—,D
108,Assemblée,EV
108,générale,EV
108,du,EV
108,24,EV
108,septembre,EV
108,1892,EV
108,.,D
108,END,END
109,START,START
109,2834,ID
109,.,D
109,Garot,N
109,et,N
109,Conreur,N
109,",",D
109,à,AD
109,Couillet,AD
109,.,D
109,—,D
109,Constitution,EV
109,.,D
109,END,END
110,START,START
110,2524,ID
110,.,D
110,Gérard,N
110,et,N
110,Cie,N
110,",",D
110,à,AD
110,Racour,AD
110,.,D
110,—,D
110,Modifications,EV
110,END,END
111,START,START
111,2705,ID
111,.,D
111,Gérard,N
111,frères,N
111,",",D
111,à,AD
111,Bruxelles,AD
111,.,D
111,—,D
111,Constitution,EV
111,.,D
111,END,END
112,START,START
112,2965,ID
112,.,D
112,Gielis,N
112,et,N
112,Cie,N
112,",",D
112,à,AD
112,Anvers,AD
112,.,D
112,—,D
112,Constitution,EV
112,.,D
112,END,END
113,START,START
113,1889,ID
113,.,D
113,Glibert,N
113,frères,N
113,et,N
113,Cie,N
113,",",D
113,à,AD
113,Bruxelles,AD
113,.,D
113,—,D
113,Clôture,EV
113,de,EV
113,liquidation,EV
113,.,D
113,END,END
114,START,START
114,2103,ID
114,.,D
114,Godin,N
114,et,N
114,Drèze,N
114,",",D
114,à,AD
114,Verviers,AD
114,.,D
114,—,D
114,Dissolution,EV
114,.,D
114,END,END
115,START,START
115,2452,ID
115,.,D
115,Goethals,N
115,et,N
115,Roegiers,N
115,",",D
115,à,AD
115,Eecloo,AD
115,.,D
115,—,D
115,Dissolution,EV
115,.,D
115,END,END
116,START,START
116,1866,ID
116,.,D
116,Gohy,N
116,et,N
116,Dossin,N
116,",",D
116,à,AD
116,Verviers,AD
116,.,D
116,—,D
116,Constitution,EV
116,.,D
116,END,END
117,START,START
117,2840,ID
117,.,D
117,Goormachtig,N
117,en,N
117,Cie,N
117,",",D
117,te,AD
117,Gent,AD
117,.,D
117,—,D
117,Stichting,EV
117,.,D
117,END,END
118,START,START
118,2120,ID
118,.,D
118,Goovaerts,N
118,et,N
118,Leytens,N
118,",",D
118,à,AD
118,Anvers,AD
118,.,D
118,—,D
118,Constitution,EV
118,.,D
118,END,END
119,START,START
119,2613,ID
119,.,D
119,Id,N
119,.,D
119,—,D
119,Dissolution,EV
119,.,D
119,END,END
120,START,START
120,1983,ID
120,.,D
120,Gouweloos,N
120,frère,N
120,et,N
120,sœur,N
120,et,N
120,Cie,N
120,",",D
120,à,AD
120,Anderlecht,AD
120,.,D
120,—,D
120,Constitution,EV
120,.,D
120,END,END
121,START,START
121,2404,ID
121,.,D
121,Govaerts,N
121,en,N
121,Cie,N
121,",",D
121,te,AD
121,Antwerpen,AD
121,.,D
121,—,D
121,Ontbinding,EV
121,.,D
121,END,END
122,START,START
122,2405,ID
122,.,D
122,Govaerts,N
122,en,N
122,Cie,N
122,(,D
122,opvolgers,EV
122,van,EV
122,J,EV
122,.,D
122,Govaerts,N
122,en,N
122,Cie,N
122,),D
122,",",D
122,te,AD
122,Antwerpen,AD
122,.,D
122,—,D
122,Stichting,EV
122,.,D
122,END,END
123,START,START
123,2387,ID
123,.,D
123,Govaerts,N
123,frères,N
123,",",D
123,à,AD
123,Liège,AD
123,.,D
123,—,D
123,Dissolution,EV
123,.,D
123,END,END
124,START,START
124,2122,ID
124,.,D
124,Graddon,N
124,et,N
124,Cie,N
124,",",D
124,à,AD
124,Anvers,AD
124,.,D
124,—,D
124,Constitution,EV
124,.,D
124,END,END
125,START,START
125,1785,ID
125,.,D
125,Grandjean,N
125,",",D
125,à,AD
125,Ensival,AD
125,.,D
125,—,D
125,Adjonction,EV
125,d'associé,EV
125,.,D
125,END,END
126,START,START
126,2304,ID
126,.,D
126,Gray,N
126,et,N
126,Amand,N
126,",",D
126,à,AD
126,J,AD
126,mappes,AD
126,.,D
126,—,D
126,Constitution,EV
126,.,D
126,END,END
127,START,START
127,1815,ID
127,Grewel,N
127,frères,N
127,",",D
127,à,AD
127,Auvers,AD
127,.,D
127,—,D
127,Constitution,EV
127,.,D
127,END,END
128,START,START
128,2794,ID
128,.,D
128,Grignard,N
128,et,N
128,Heller,N
128,",",D
128,à,AD
128,Verviers,AD
128,.,D
128,—,D
128,Constitution,EV
128,.,D
128,END,END
129,START,START
129,2414,ID
129,.,D
129,Grimediüs,N
129,et,N
129,Cie,N
129,(,D
129,Veuve,N
129,Fréd,N
129,.,D
129,),D
129,",",D
129,à,AD
129,la,AD
129,Croix,AD
129,-,D
129,Rouge,AD
129,(,D
129,Wegnez,AD
129,),D
129,.,D
129,—,D
129,Constitution,EV
129,.,D
129,END,END
130,START,START
130,2165,ID
130,.,D
130,Grisar,N
130,",",D
130,Dernen,N
130,et,N
130,Cie,N
130,",",D
130,à,AD
130,Bruxelles,AD
130,.,D
130,—,D
130,Procuration,EV
130,.,D
130,END,END
131,START,START
131,8652,ID
131,.,D
131,Haag,N
131,et,N
131,Tietjens,N
131,",",D
131,à,AD
131,Bruxelles,AD
131,.,D
131,—,D
131,Constitution,EV
131,.,D
131,2012,EX
131,END,END
132,START,START
132,1767,ID
132,.,D
132,Hacken,N
132,et,N
132,Maréchal,N
132,",",D
132,à,AD
132,Liège,AD
132,.,D
132,—,D
132,Modification,EV
132,.,D
132,END,END
133,START,START
133,2172,ID
133,.,D
133,Hallet,N
133,frère,N
133,et,N
133,sœurs,N
133,",",D
133,à,AD
133,Opheylissem,AD
133,.,D
133,—,D
133,Constitution,EV
133,.,D
133,END,END
134,START,START
134,2073,ID
134,Hamels,N
134,et,N
134,Vanderlinden,N
134,",",D
134,à,AD
134,Anvers,AD
134,.,D
134,—,D
134,Dissolution,EV
134,.,D
134,END,END
135,START,START
135,2985,ID
135,.,D
135,Hanlet,N
135,et,N
135,Levaux,N
135,",",D
135,à,AD
135,Dison,AD
135,.,D
135,—,D
135,Constitution,EV
135,.,D
135,END,END
136,START,START
136,2735,ID
136,.,D
136,Hansen,N
136,et,N
136,Schnell,N
136,",",D
136,à,AD
136,Anvers,AD
136,.,D
136,—,D
136,Constitution,EV
136,END,END
137,START,START
137,2139,ID
137,Hardy,N
137,",",D
137,Lebrun,N
137,et,N
137,Cie,N
137,",",D
137,à,AD
137,Tuillies,AD
137,—,D
137,Modifications,EV
137,.,D
137,END,END
138,START,START
138,2871,ID
138,.,D
138,Hartog,N
138,frères,N
138,",",D
138,à,AD
138,Anvers,AD
138,.,D
138,—,D
138,Dissolution,EV
138,.,D
138,END,END
139,START,START
139,1581,ID
139,.,D
139,Hauser,N
139,et,N
139,Joly,N
139,",",D
139,à,AD
139,Anvers,AD
139,.,D
139,—,D
139,Constitution,EV
139,.,D
139,END,END
140,START,START
140,1781,ID
140,Hayois,N
140,",",D
140,à,AD
140,Bauffe,AD
140,.,D
140,—,D
140,Dissolution,EV
140,.,D
140,END,END
141,START,START
141,1912,ID
141,.,D
141,Id,N
141,.,D
141,—,D
141,Association,EV
141,complémentaire,EV
141,.,D
141,END,END
142,START,START
142,2795,ID
142,.,D
142,Hendrickx,N
142,",",D
142,De,N
142,Herdt,N
142,en,N
142,Cie,N
142,",",D
142,gezegd,EX
142,:,D
142,Hesse,N
142,natie,N
142,",",D
142,te,AD
142,Antwerpen,AD
142,.,D
142,—,D
142,Overdracht,EV
142,van,EX
142,aandeel,EV
142,.,D
142,END,END
143,START,START
143,2265,ID
143,.,D
143,Henrotay,N
143,et,N
143,Dukers,N
143,",",D
143,à,AD
143,Dison,AD
143,.,D
143,—,D
143,Dissolution,EV
143,.,D
143,END,END
144,START,START
144,2135,ID
144,.,D
144,Hermans,N
144,de,N
144,Favereau,N
144,",",D
144,Dr,N
144,J,N
144,.,D
144,Theyskens,N
144,et,N
144,Cie,N
144,",",D
144,à,AD
144,Bruxelles,AD
144,.,D
144,—,D
144,Dissolution,EV
144,.,D
144,END,END
145,START,START
145,1911,ID
145,.,D
145,Herve,N
145,frères,N
145,",",D
145,à,AD
145,Trooz,AD
145,.,D
145,—,D
145,Constitution,EV
145,.,D
145,END,END
146,START,START
146,1996,ID
146,Heyermans,N
146,et,N
146,Cie,N
146,",",D
146,à,AD
146,Anvers,AD
146,.,D
146,—,D
146,Dissolution,EV
146,.,D
146,END,END
147,START,START
147,2062,ID
147,Higuet,N
147,et,N
147,Cie,N
147,",",D
147,à,AD
147,Liège,AD
147,.,D
147,—,D
147,Constitution,EV
147,.,D
147,END,END
148,START,START
148,2457,ID
148,.,D
148,Hittecher,N
148,et,N
148,Cie,N
148,",",D
148,à,AD
148,Schaerbeek,AD
148,.,D
148,—,D
148,Constitution,EV
148,.,D
148,END,END
149,START,START
149,2971,ID
149,.,D
149,Hoffenbom,N
149,et,N
149,fils,N
149,",",D
149,à,AD
149,Gand,AD
149,.,D
149,—,D
149,Dissolution,EV
149,.,D
149,END,END
150,START,START
150,1859,ID
150,.,D
150,Horion,N
150,et,N
150,Vandervoort,N
150,",",D
150,à,AD
150,Bruxelles,AD
150,.,D
150,—,D
150,Dissolution,EV
150,.,D
150,END,END
151,START,START
151,1906,ID
151,.,D
151,Huberty,N
151,et,N
151,Cie,N
151,",",D
151,à,AD
151,Cureghem,AD
151,.,D
151,—,D
151,Constitution,EV
151,.,D
151,END,END
152,START,START
152,1950,ID
152,.,D
152,Hattier,N
152,",",D
152,Dupont,N
152,et,N
152,Cie,N
152,",",D
152,à,AD
152,Pâturages,AD
152,.,D
152,—,D
152,Constitution,EV
152,.,D
152,END,END
153,START,START
153,2342,ID
153,.,D
153,Huysmans,N
153,sœurs,N
153,",",D
153,à,AD
153,Bruxelles,AD
153,.,D
153,—,D
153,Constitution,EV
153,.,D
153,END,END
154,START,START
154,1745,ID
154,Jacobs,N
154,et,N
154,De,N
154,Kinder,N
154,",",D
154,à,AD
154,Anvers,EV
154,.,D
154,—,D
154,Constitution,EV
154,.,D
154,END,END
155,START,START
155,2623,ID
155,.,D
155,James,N
155,et,N
155,Hanogh,N
155,",",D
155,à,AD
155,Anvers,AD
155,.,D
155,—,D
155,Dissolution,EV
155,.,D
155,END,END
156,START,START
156,2336,ID
156,.,D
156,Jansen,N
156,",",D
156,à,AD
156,Anvers,AD
156,.,D
156,—,D
156,Constitution,EV
156,.,D
156,END,END
157,START,START
157,2931,ID
157,.,D
157,Janssens,N
157,-,D
157,De,N
157,Decker,N
157,",",D
157,à,AD
157,Saint,AD
157,-,D
157,Nicolas,AD
157,.,D
157,—,D
157,Dissolution,EV
157,.,D
157,END,END
158,START,START
158,2932,ID
158,.,D
158,ld,N
158,.,D
158,—,D
158,Constitution,EV
158,.,D
158,END,END
159,START,START
159,2933,ID
159,.,D
159,Id,N
159,.,D
159,—,D
159,Pouvoir,EX
159,.,D
159,END,END
160,START,START
160,1800,ID
160,.,D
160,Joly,N
160,et,N
160,Cie,N
160,",",D
160,à,AD
160,Anvers,AD
160,.,D
160,—,D
160,Constitution,EV
160,.,D
160,END,END
161,START,START
161,2606,ID
161,.,D
161,Id,N
161,.,D
161,—,D
161,Constitution,EV
161,.,D
161,END,END
162,START,START
162,2862,ID
162,.,D
162,Jongebloed,N
162,en,N
162,Cie,N
162,",",D
162,te,AD
162,Antwerpen,AD
162,.,D
162,—,D
162,Ontbinding,EV
162,.,D
162,END,END
163,START,START
163,2983,ID
163,.,D
163,Josz,N
163,et,N
163,fils,N
163,",",D
163,à,AD
163,Molenbeek,AD
163,-,D
163,Saint,AD
163,-,D
163,Jean,AD
163,.,D
163,—,D
163,Constitution,EV
163,.,D
163,END,END
164,START,START
164,2123,ID
164,.,D
164,Kelecom,N
164,fils,N
164,et,N
164,Le,N
164,Cocq,N
164,",",D
164,à,AD
164,Bruxelles,AD
164,.,D
164,—,D
164,Dissolution,EV
164,.,D
164,END,END
165,START,START
165,2730,ID
165,.,D
165,Keon,N
165,",",D
165,Lisle,N
165,",",D
165,Malguy,N
165,et,N
165,Cie,N
165,",",D
165,à,AD
165,Bruxelles,AD
165,.,D
165,—,D
165,Modification,EV
165,.,D
165,END,END
166,START,START
166,2163,ID
166,.,D
166,Koch,N
166,et,N
166,Reis,N
166,",",D
166,à,AD
166,Anvers,AD
166,.,D
166,—,D
166,Cession,EV
166,de,EV
166,part,EV
166,sociale,EV
166,.,D
166,END,END
167,START,START
167,2164,ID
167,.,D
167,Id,N
167,.,D
167,—,D
167,Modifications,EV
167,aux,EX
167,statuts,EV
167,.,D
167,END,END
168,START,START
168,2340,ID
168,.,D
168,Kœfœd,N
168,et,N
168,Moreau,N
168,",",D
168,à,AD
168,Anvers,AD
168,.,D
168,—,D
168,Retraite,EV
168,d'associé,EV
168,.,D
168,END,END
169,START,START
169,2641,ID
169,.,D
169,Kokken,N
169,",",D
169,Kremer,N
169,et,N
169,C,N
169,°,D
169,",",D
169,à,AD
169,Anvers,AD
169,.,D
169,—,D
169,Retraite,EV
169,d'associé,EV
169,.,D
169,END,END
170,START,START
170,2592,ID
170,.,D
170,Koremans,N
170,frère,N
170,et,N
170,sœurs,N
170,",",D
170,à,AD
170,Saint,AD
170,-,D
170,Gilles,AD
170,.,D
170,—,D
170,Constitution,EV
170,.,D
170,END,END
171,START,START
171,12861,ID
171,.,D
171,Kottenhoff,N
171,et,N
171,Cristel,N
171,-,D
171,Kottenhoff,N
171,",",D
171,à,AD
171,Gosselies,AD
171,.,D
171,—,D
171,Constitution,EV
171,.,D
171,END,END
172,START,START
172,de,EX
172,l'acte,EX
172,.,D
172,END,END
173,START,START
173,2576,ID
173,.,D
173,Labbé,N
173,et,N
173,Raison,N
173,",",D
173,à,AD
173,Anvers,AD
173,.,D
173,—,D
173,Constitution,EV
173,.,D
173,END,END
174,START,START
174,1797,ID
174,.,D
174,Lagaet,N
174,broeders,N
174,en,N
174,zusters,N
174,",",D
174,te,AD
174,Eecloo,N
174,.,D
174,—,D
174,Ontbinding,EV
174,.,D
174,END,END
175,START,START
175,2386,ID
175,.,D
175,Lair,N
175,et,N
175,Héleine,N
175,",",D
175,à,AD
175,Bruxelles,AD
175,.,D
175,—,D
175,Constitution,EV
175,.,D
175,END,END
176,START,START
176,2571,ID
176,.,D
176,Laloux,N
176,et,N
176,Michot,N
176,",",D
176,à,AD
176,Evere,AD
176,.,D
176,—,D
176,Constitution,EV
176,.,D
176,END,END
177,START,START
177,2218,ID
177,.,D
177,Lammens,N
177,et,N
177,Vermeulen,N
177,",",D
177,à,AD
177,Gand,AD
177,.,D
177,—,D
177,Constitution,EV
177,.,D
177,END,END
178,START,START
178,1782,ID
178,.,D
178,Lamoureux,N
178,et,N
178,Cie,N
178,",",D
178,à,AD
178,Verviers,AD
178,.,D
178,—,D
178,Prorogation,EV
178,.,D
178,END,END
179,START,START
179,1762,ID
179,.,D
179,Latinis,N
179,sœurs,N
179,",",D
179,à,AD
179,Bruxelles,AD
179,.,D
179,—,D
179,Constitution,EV
179,.,D
179,END,END
180,START,START
180,2084,ID
180,.,D
180,Laurent,N
180,et,N
180,Cie,N
180,",",D
180,à,AD
180,Verviers,AD
180,.,D
180,—,D
180,Dissolution,EV
180,.,D
180,END,END
181,START,START
181,2322,ID
181,.,D
181,Lauwers,N
181,et,N
181,Vanden,N
181,Bempt,N
181,(,D
181,Veuve,N
181,),D
181,",",D
181,à,AD
181,Anvers,AD
181,.,D
181,—,D
181,Dissolution,EV
181,.,D
181,END,END
182,START,START
182,2208,ID
182,.,D
182,Lecerf,N
182,et,N
182,Cie,N
182,",",D
182,à,AD
182,Charleroi,AD
182,.,D
182,—,D
182,Dissolution,EV
182,.,D
182,END,END
183,START,START
183,2075,ID
183,.,D
183,Lechat,N
183,et,N
183,Cie,N
183,",",D
183,à,AD
183,Monceau,AD
183,-,D
183,sur,AD
183,-,D
183,Sambre,AD
183,.,D
183,—,D
183,Constitution,EV
183,.,D
183,END,END
184,START,START
184,2010,ID
184,.,D
184,Leclercq,N
184,et,N
184,Cie,N
184,",",D
184,à,AD
184,Bruxelles,AD
184,.,D
184,—,D
184,Constitution,EV
184,.,D
184,END,END
185,START,START
185,2975,ID
185,.,D
185,Lekeux,N
185,-,D
185,Dalimont,N
185,à,AD
185,Wavre,AD
185,.,D
185,—,D
185,Constitution,EV
185,.,D
185,END,END
186,START,START
186,2618,ID
186,.,D
186,Lequime,N
186,et,N
186,Cie,N
186,",",D
186,à,AD
186,Bruxelles,AD
186,.,D
186,—,D
186,Constitution,EV
186,.,D
186,END,END
187,START,START
187,2619,ID
187,.,D
187,Lequime,N
187,et,N
187,Melchers,N
187,",",D
187,à,AD
187,Bruxelles,AD
187,.,D
187,—,D
187,Constitution,EV
187,.,D
187,END,END
188,START,START
188,2940,ID
188,.,D
188,Leuchter,N
188,et,N
188,Cie,N
188,et,N
188,Antoine,N
188,Georges,N
188,",",D
188,à,AD
188,Verviers,AD
188,.,D
188,—,D
188,Dissolution,EV
188,.,D
188,END,END
189,START,START
189,2786,ID
189,.,D
189,Levêque,N
189,et,N
189,Cie,N
189,",",D
189,à,AD
189,Bruxelles,AD
189,.,D
189,—,D
189,Dissolution,EV
189,.,D
189,END,END
190,START,START
190,2821,ID
190,.,D
190,Levêque,N
190,frères,N
190,",",D
190,à,AD
190,Bruxelles,AD
190,.,D
190,—,D
190,Constitution,EV
190,.,D
190,END,END
191,START,START
191,2811,ID
191,.,D
191,Levêque,N
191,frères,N
191,et,N
191,Cie,N
191,",",D
191,à,AD
191,Alost,AD
191,.,D
191,—,D
191,Dissolution,EV
191,.,D
191,END,END
192,START,START
192,2651,ID
192,.,D
192,Levy,N
192,",",D
192,à,AD
192,Bruxelles,AD
192,.,D
192,—,D
192,Constitution,EV
192,.,D
192,END,END
193,START,START
193,2979,ID
193,.,D
193,Levy,N
193,",",D
193,Dreyfus,N
193,et,N
193,Cie,N
193,",",D
193,à,AD
193,Liège,AD
193,.,D
193,—,D
193,Constitution,EV
193,.,D
193,END,END
194,START,START
194,1746,ID
194,.,D
194,Lewy,N
194,et,N
194,Loewenberg,N
194,",",D
194,à,AD
194,Anvers,AD
194,.,D
194,—,D
194,Constitution,EV
194,.,D
194,END,END
195,START,START
195,2778,ID
195,.,D
195,Lierneux,N
195,et,N
195,Polis,N
195,",",D
195,à,AD
195,Verviers,AD
195,.,D
195,—,D
195,Dissolution,EV
195,.,D
195,END,END
196,START,START
196,2399,ID
196,.,D
196,Lombaerts,N
196,frères,N
196,",",D
196,à,AD
196,Cureghem,AD
196,.,D
196,—,D
196,Constitution,EV
196,.,D
196,END,END
197,START,START
197,1904,ID
197,.,D
197,Loosen,N
197,et,N
197,De,N
197,Bruyn,N
197,",",D
197,à,AD
197,Malines,AD
197,.,D
197,—,D
197,Dissolution,EV
197,.,D
197,END,END
198,START,START
198,2134,ID
198,.,D
198,Lourtie,N
198,et,N
198,Cie,N
198,",",D
198,à,AD
198,Chênée,AD
198,.,D
198,—,D
198,Constitution,EV
198,.,D
198,END,END
199,START,START
199,1798,ID
199,.,D
199,Lucq,N
199,et,N
199,Vander,N
199,Elst,N
199,fils,N
199,",",D
199,à,AD
199,Marcinelle,AD
199,.,D
199,—,D
199,Dissolution,EV
199,.,D
199,END,END
200,START,START
200,2501,ID
200,.,D
200,Lumay,N
200,et,N
200,Cie,N
200,",",D
200,à,AD
200,Rio,AD
200,de,AD
200,Janeiro,AD
200,.,D
200,—,D
200,Dépôt,EV
200,au,EV
200,rang,EV
200,des,EV
200,minutes,EV
200,de,EV
200,Mme,N
200,Poelaert,N
200,",",D
200,notaire,N
200,à,AD
200,Bruxelles,AD
200,.,D
200,END,END
201,START,START
201,2429,ID
201,.,D
201,Maes,N
201,frères,N
201,",",D
201,à,AD
201,Bruxelles,AD
201,.,D
201,—,D
201,Constitution,EV
201,.,D
201,END,END
202,START,START
202,1926,ID
202,.,D
202,Mahias,N
202,et,N
202,Pichotte,N
202,",",D
202,à,AD
202,Bruxelles,AD
202,.,D
202,—,D
202,Dissolution,EV
202,.,D
202,END,END
203,START,START
203,2097,ID
203,.,D
203,Malbecq,N
203,et,N
203,Hanssens,N
203,",",D
203,à,AD
203,Hal,AD
203,.,D
203,—,D
203,Constitution,EV
203,.,D
203,END,END
204,START,START
204,2672,ID
204,.,D
204,Malréchauffé,N
204,et,N
204,Cie,N
204,",",D
204,à,AD
204,Saint,AD
204,-,D
204,Gilles,AD
204,.,D
204,—,D
204,Dissolution,EV
204,.,D
204,END,END
205,START,START
205,2249,ID
205,.,D
205,Martens,N
205,",",D
205,Ackermans,N
205,et,N
205,Cie,N
205,",",D
205,à,AD
205,Bruxelles,AD
205,.,D
205,—,D
205,Constitution,EV
205,.,D
205,END,END
206,START,START
206,2363,ID
206,.,D
206,Mary,N
206,et,N
206,Préaux,N
206,",",D
206,à,AD
206,Bruxelles,AD
206,.,D
206,—,D
206,Prorogation,EV
206,.,D
206,END,END
207,START,START
207,2927,ID
207,.,D
207,Massau,N
207,",",D
207,Sturbois,N
207,",",D
207,Dubois,N
207,et,N
207,Renoir,N
207,",",D
207,à,AD
207,Gosselies,AD
207,.,D
207,—,D
207,Clôture,EV
207,de,EV
207,liquidation,EV
207,.,D
207,END,END
208,START,START
208,2044,ID
208,Mathis,N
208,et,N
208,Cie,N
208,",",D
208,à,AD
208,Bruxelles,AD
208,.,D
208,—,D
208,Prorogation,EV
208,.,D
208,END,END
209,START,START
209,2276,ID
209,.,D
209,-,D
209,Mathot,N
209,et,N
209,Bailly,N
209,",",D
209,à,AD
209,Chênée,AD
209,.,D
209,-,D
209,Constitution,EV
209,.,D
209,END,END
210,START,START
210,2948,ID
210,.,D
210,Matthieu,N
210,et,N
210,fils,N
210,",",D
210,à,AD
210,Bruxelles,AD
210,.,D
210,—,D
210,Clôture,EV
210,de,EV
210,liquidation,EV
210,.,D
210,END,END
211,START,START
211,2027,ID
211,.,D
211,Meeus,N
211,",",D
211,à,AD
211,Anvers,AD
211,.,D
211,—,D
211,Décès,EV
211,d'un,EV
211,associé,EV
211,.,D
211,END,END
212,START,START
212,2958,ID
212,.,D
212,Mertens,N
212,et,N
212,Cie,N
212,",",D
212,à,AD
212,Lessines,AD
212,.,D
212,—,D
212,Déclaration,EV
212,.,D
212,END,END
213,START,START
213,2653,ID
213,.,D
213,Michel,N
213,et,N
213,Cie,N
213,",",D
213,à,AD
213,Cureghem,AD
213,.,D
213,—,D
213,Constitution,EV
213,.,D
213,END,END
214,START,START
214,2789,ID
214,.,D
214,Mineur,N
214,",",D
214,ses,N
214,fils,N
214,et,N
214,Wilmot,N
214,",",D
214,à,AD
214,Marchienne,AD
214,-,D
214,au,AD
214,-,D
214,Pont,EV
214,.,D
214,—,D
214,Nomination,EV
214,du,EV
214,liquidateur,EV
214,.,D
214,END,END
215,START,START
215,2374,ID
215,.,D
215,Moerenhout,N
215,et,N
215,Herreboudt,N
215,",",D
215,à,AD
215,Neder,AD
215,-,D
215,over,AD
215,-,D
215,Heembeek,AD
215,.,D
215,—,D
215,Constitution,EV
215,.,D
215,END,END
216,START,START
216,1986,ID
216,.,D
216,My,N
216,et,N
216,Grenade,N
216,",",D
216,à,AD
216,Verviers,AD
216,.,D
216,—,D
216,Dissolution,EV
216,.,D
216,END,END
217,START,START
217,2160,ID
217,.,D
217,Nerinckx,N
217,et,N
217,Cie,N
217,",",D
217,à,AD
217,Hal,AD
217,.,D
217,—,D
217,Dissolution,EV
217,.,D
217,END,END
218,START,START
218,2161,ID
218,.,D
218,Id,N
218,.,D
218,—,D
218,Constitution,EV
218,.,D
218,END,END
219,START,START
219,2810,ID
219,.,D
219,Nierstrasz,N
219,et,N
219,Garot,N
219,",",D
219,à,AD
219,Liège,AD
219,.,D
219,—,D
219,Constitution,EV
219,.,D
219,END,END
220,START,START
220,2157,ID
220,.,D
220,Nieuwenhuys,N
220,et,N
220,Cie,N
220,",",D
220,à,AD
220,Bruxelles,AD
220,.,D
220,—,D
220,Constitution,EV
220,.,D
220,END,END
221,START,START
221,2127,ID
221,Noël,N
221,et,N
221,Cie,N
221,",",D
221,à,AD
221,Mons,AD
221,.,D
221,—,D
221,Constitution,EV
221,END,END
222,START,START
222,2857,ID
222,.,D
222,Nys,N
222,et,N
222,fils,N
222,",",D
222,à,AD
222,Bruxelles,AD
222,.,D
222,—,D
222,Constitution,EV
222,.,D
222,END,END
223,START,START
223,2008,ID
223,.,D
223,Panzer,N
223,",",D
223,à,AD
223,Anvers,AD
223,.,D
223,—,D
223,Constitution,EV
223,.,D
223,END,END
224,START,START
224,1962,ID
224,.,D
224,Papier,N
224,frères,N
224,",",D
224,à,AD
224,Ath,AD
224,.,D
224,—,D
224,Constitution,EV
224,.,D
224,END,END
225,START,START
225,2878,ID
225,.,D
225,Parent,N
225,frères,N
225,",",D
225,à,AD
225,Marchienne,AD
225,-,D
225,au,AD
225,-,D
225,Pont,AD
225,.,D
225,—,D
225,Prorogation,EV
225,END,END
226,START,START
226,2311,ID
226,.,D
226,Pattyn,N
226,",",D
226,à,AD
226,Bruges,AD
226,.,D
226,—,D
226,Dissolution,EV
226,.,D
226,END,END
227,START,START
227,2038,ID
227,.,D
227,Pecher,N
227,et,N
227,Cie,N
227,",",D
227,à,AD
227,Anvers,AD
227,.,D
227,—,D
227,Retrait,EV
227,de,EV
227,procuration,EV
227,.,D
227,END,END
228,START,START
228,2896,ID
228,.,D
228,Peeters,N
228,frères,N
228,",",D
228,à,AD
228,Bruxelles,AD
228,.,D
228,—,D
228,Dissolution,EV
228,.,D
228,END,END
229,START,START
229,2361,ID
229,.,D
229,Perseau,N
229,et,N
229,Cie,N
229,",",D
229,à,AD
229,Bruxelles,AD
229,.,D
229,—,D
229,Clôture,EV
229,de,EV
229,liquidation,EV
229,.,D
229,END,END
230,START,START
230,1792,ID
230,.,D
230,Philips,N
230,frères,N
230,(,D
230,Gebroeders,N
230,Philips,N
230,),D
230,",",D
230,à,AD
230,Liège,AD
230,.,D
230,—,D
230,Continuation,EV
230,.,D
230,END,END
231,START,START
231,1824,ID
231,.,D
231,Picha,N
231,frères,N
231,et,N
231,Cie,N
231,",",D
231,à,AD
231,Gand,AD
231,.,D
231,—,D
231,Constitution,EV
231,.,D
231,END,END
232,START,START
232,2145,ID
232,.,D
232,Pierard,N
232,et,N
232,C,N
232,°,D
232,",",D
232,à,AD
232,Anvers,AD
232,.,D
232,—,D
232,Dissolution,EV
232,.,D
232,END,END
233,START,START
233,3731,ID
233,.,D
233,Piette,N
233,frère,N
233,et,N
233,sœurs,N
233,",",D
233,à,AD
233,Charleroi,AD
233,.,D
233,—,D
233,Constitution,EV
233,.,D
233,END,END
234,START,START
234,2362,ID
234,.,D
234,Pieyns,N
234,en,N
234,Vermeulen,N
234,",",D
234,te,AD
234,Loochristy,AD
234,.,D
234,—,D
234,Stichting,EV
234,.,D
234,END,END
235,START,START
235,2849,ID
235,.,D
235,Pirene,N
235,",",D
235,à,AD
235,Dison,AD
235,.,D
235,—,D
235,Constitution,EV
235,.,D
235,END,END
236,START,START
236,1975,ID
236,.,D
236,Plaisant,N
236,et,N
236,Cie,N
236,",",D
236,à,AD
236,Tournai,AD
236,.,D
236,—,D
236,Dissolution,EV
236,.,D
236,END,END
237,START,START
237,2019,ID
237,.,D
237,Id,N
237,.,D
237,—,D
237,Constitution,EV
237,.,D
237,END,END
238,START,START
238,2673,ID
238,.,D
238,Putmans,N
238,et,N
238,Lynen,N
238,",",D
238,à,AD
238,Bruxelles,AD
238,.,D
238,—,D
238,Dissolution,EV
238,.,D
238,END,END
239,START,START
239,1984,ID
239,.,D
239,Raymont,N
239,et,N
239,Cie,N
239,",",D
239,à,AD
239,Verviers,AD
239,.,D
239,—,D
239,Constitution,EV
239,.,D
239,END,END
240,START,START
240,1788,ID
240,.,D
240,Reimann,N
240,et,N
240,Cie,N
240,",",D
240,à,AD
240,Bruxelles,AD
240,.,D
240,—,D
240,Dissolution,EV
240,.,D
240,END,END
241,START,START
241,2159,ID
241,.,D
241,Remiche,N
241,et,N
241,de,N
241,Sauvage,N
241,",",D
241,à,AD
241,Bruxelles,AD
241,.,D
241,—,D
241,Constitution,EV
241,.,D
241,END,END
242,START,START
242,2167,ID
242,.,D
242,Rey,N
242,frères,N
242,",",D
242,à,AD
242,Anderlecht,AD
242,lez,AD
242,-,D
242,Bruxelles,AD
242,.,D
242,—,D
242,Constitution,EV
242,.,D
242,END,END
243,START,START
243,2978,ID
243,.,D
243,Rigaux,N
243,frères,N
243,",",D
243,à,AD
243,Anvers,AD
243,.,D
243,—,D
243,Constitution,EV
243,.,D
243,END,END
244,START,START
244,2915,ID
244,Roux,N
244,et,N
244,Beuthe,N
244,",",D
244,à,AD
244,Liège,AD
244,.,D
244,—,D
244,Dissolution,EV
244,.,D
244,END,END
245,START,START
245,2974,ID
245,.,D
245,Sablon,N
245,fils,N
245,et,N
245,Cie,N
245,",",D
245,à,AD
245,Bruxelles,AD
245,.,D
245,—,D
245,Dissolution,EV
245,.,D
245,END,END
246,START,START
246,2146,ID
246,.,D
246,Savelkoul,N
246,et,N
246,C,N
246,°,D
246,",",D
246,à,AD
246,Anvers,AD
246,.,D
246,—,D
246,Dissolution,EV
246,.,D
246,END,END
247,START,START
247,2764,ID
247,.,D
247,Schmitt,N
247,-,D
247,Spaenhoven,N
247,",",D
247,à,AD
247,Anvers,AD
247,.,D
247,—,D
247,Prorogation,EV
247,.,D
247,END,END
248,START,START
248,2767,ID
248,.,D
248,Schütz,N
248,et,N
248,Diden,N
248,",",D
248,à,AD
248,Anvers,AD
248,.,D
248,—,D
248,Retraite,EV
248,d'associés,EV
248,.,D
248,END,END
249,START,START
249,2768,ID
249,.,D
249,Id,N
249,.,D
249,—,D
249,Circulaire,EV
249,.,D
249,END,END
